{"C": {"shuttle": 0.0043353465356466966, "dash10": 0.0018538504339032467, "dash20": 0.003188105977230364, "cone": 0.0073946558714558328, "dash40": 0.0053808518977136333}, "FS": {"shuttle": -0.00065865462467626292, "dash10": 0.00046382673748953746, "dash20": 0.00018157342158825715, "cone": -3.2453232158943622e-05, "dash40": 0.00025860994998998412}, "ILB": {"shuttle": 0.00035159103532135592, "dash10": 0.00086475726650530335, "dash20": 0.0010256307775991721, "cone": 0.0036804632587625705, "dash40": 0.0020533205109717527}, "OG": {"shuttle": 0.0063547726721659113, "dash10": 0.0017960076307654141, "dash20": 0.0028632631226005586, "cone": 0.010262071294301503, "dash40": 0.0050815578662932199}, "CB": {"shuttle": 5.3569599644004666e-05, "dash10": 0.00051378173533244385, "dash20": 0.00048987671044792118, "cone": -0.00042758435472151985, "dash40": 0.0006024439574641578}, "DE": {"shuttle": 0.003259787178653465, "dash10": 0.0014211476530727634, "dash20": 0.0023478870823507737, "cone": 0.0047293625570174764, "dash40": 0.0040282260005211207}, "OLB": {"shuttle": 0.001557783900130258, "dash10": 0.00070382528200676098, "dash20": 0.00093233103698032961, "cone": 0.00014757410815679383, "dash40": 0.002135155146398381}, "TE": {"shuttle": 0.0041687547069899919, "dash10": 0.0023864871280831674, "dash20": 0.0037945600872165007, "cone": 0.0079432629322678146, "dash40": 0.0056376622065850172}, "SS": {"shuttle": -0.0016653205224513498, "dash10": 0.00015754541707433664, "dash20": 0.00054596967752166571, "cone": -0.00071474103943716422, "dash40": 0.00019895139212389041}, "FB": {"shuttle": 0.0040111141983884381, "dash10": 0.0024130438268734214, "dash20": 0.0028178753085141817, "cone": 0.0072371774280622489, "dash40": 0.0053230850203286138}, "QB": {"shuttle": 0.0033948685868544879, "dash10": 0.00097081172201016305, "dash20": 0.0011485240706122551, "cone": 0.0014054688289574715, "dash40": 0.002437348156141661}, "WR": {"shuttle": 0.0019971982382943651, "dash10": 0.00060111280229914086, "dash20": 0.0011342708744837063, "cone": 0.0021190887475101899, "dash40": 0.0013998134219694632}, "RB": {"shuttle": 0.0015999679354313291, "dash10": 0.00073746250552807647, "dash20": 0.0012937184246599176, "cone": 0.0031894981202661116, "dash40": 0.0020746206586139508}, "DT": {"shuttle": 0.0054274555491099124, "dash10": 0.0011467356456556831, "dash20": 0.0022471313539132684, "cone": 0.0075795394512622842, "dash40": 0.0039591715305717758}, "OT": {"shuttle": 0.0039988457236590268, "dash10": 0.0017557213325926555, "dash20": 0.0028264253213501514, "cone": 0.0079169610861485242, "dash40": 0.0048812526682879883}}